stage,held_out_fold,model,model_name,ngram_max,min_df,model_parameter,mean_inner_macro_f1,sd_inner_macro_f1,validation_folds,fold_score_1,fold_score_2,fold_score_3,fold_score_4,fold_score_5
nested_inner,1.0,svm,Linear SVM,1,2,0.1,0.9332701356345845,0.0034615602130779275,"2,3,4,5",0.9283966191361047,0.9332401465195428,0.9360159558378706,0.9354278210448199,
nested_inner,1.0,svm,Linear SVM,1,2,1.0,0.9367443496919996,0.002596734316866764,"2,3,4,5",0.9334293165084634,0.9366905459150886,0.9370941865430623,0.939763349801384,
nested_inner,1.0,svm,Linear SVM,1,2,10.0,0.9212257748902566,0.003795505671497809,"2,3,4,5",0.9155833607889323,0.9224399471172894,0.9232142015975451,0.9236655900572595,
nested_inner,1.0,svm,Linear SVM,1,5,0.1,0.9329217054225504,0.0031906695458458864,"2,3,4,5",0.928680900174981,0.9323418861718886,0.935880327194035,0.934783708149297,
nested_inner,1.0,svm,Linear SVM,1,5,1.0,0.9347027887552288,0.002846065710385971,"2,3,4,5",0.9318845953665044,0.9327886755359613,0.9362038224793237,0.9379340616391261,
nested_inner,1.0,svm,Linear SVM,1,5,10.0,0.9195725225733716,0.002578620875554027,"2,3,4,5",0.9158469456395654,0.9198474378938141,0.9211585297434486,0.9214371770166587,
nested_inner,1.0,svm,Linear SVM,2,2,0.1,0.9358757756598575,0.0015983695177344917,"2,3,4,5",0.9341878402903812,0.9349679067053078,0.9377313082779919,0.9366160473657489,
nested_inner,1.0,svm,Linear SVM,2,2,1.0,0.9407350318399268,0.0018023791911042266,"2,3,4,5",0.9389284832080782,0.9394439425938595,0.9421903023056664,0.942377399252103,
nested_inner,1.0,svm,Linear SVM,2,2,10.0,0.9333293836373637,0.003586195424934709,"2,3,4,5",0.9297452245238651,0.9311456761495767,0.9376853012058,0.934741332670213,
nested_inner,1.0,svm,Linear SVM,2,5,0.1,0.9352581861675233,0.0028980266034463616,"2,3,4,5",0.9318409725314287,0.934326994424,0.9361680920543254,0.9386966856603391,
nested_inner,1.0,svm,Linear SVM,2,5,1.0,0.9360477922170949,0.002834021978916304,"2,3,4,5",0.934091220583714,0.933198959244657,0.9379004658131485,0.9390005232268599,
nested_inner,1.0,svm,Linear SVM,2,5,10.0,0.9216595142758374,0.0029844360189560976,"2,3,4,5",0.9177861295101457,0.922199341231984,0.9250394406543061,0.9216131457069134,
nested_inner,2.0,svm,Linear SVM,1,2,0.1,0.9355592634507458,0.0028536600656697297,"1,3,4,5",0.9332293484090923,0.9330002814159437,0.9385049987548787,0.9375024252230686,
nested_inner,2.0,svm,Linear SVM,1,2,1.0,0.9371948802165033,0.003232998809944343,"1,3,4,5",0.9380815981950683,0.9333365648209486,0.9363069917251035,0.9410543661248931,
nested_inner,2.0,svm,Linear SVM,1,2,10.0,0.9222030189768179,0.003242248134474805,"1,3,4,5",0.9228154743982967,0.918316541359047,0.9215273370226031,0.9261527231273248,
nested_inner,2.0,svm,Linear SVM,1,5,0.1,0.9353461597605228,0.0031615197484766958,"1,3,4,5",0.9325995320334984,0.9326173491163431,0.9381340649947432,0.9380336928975062,
nested_inner,2.0,svm,Linear SVM,1,5,1.0,0.9350536759635732,0.0035470638604331774,"1,3,4,5",0.9356155473267469,0.930732524384267,0.9345155855430056,0.9393510466002732,
nested_inner,2.0,svm,Linear SVM,1,5,10.0,0.9194612091038519,0.0032236676822434574,"1,3,4,5",0.9211386039481164,0.9163672118179915,0.9171873763513534,0.9231516442979464,
nested_inner,2.0,svm,Linear SVM,2,2,0.1,0.936561790851236,0.003049489816315809,"1,3,4,5",0.9332329571888058,0.9347405748889696,0.9387913466217869,0.9394822847053816,
nested_inner,2.0,svm,Linear SVM,2,2,1.0,0.941834964974936,0.0027824553294251257,"1,3,4,5",0.9422773838563372,0.9380265704084858,0.9423217769975702,0.9447141286373508,
nested_inner,2.0,svm,Linear SVM,2,2,10.0,0.9337791267305173,0.0030921259602221733,"1,3,4,5",0.9352995427222394,0.9293824718525391,0.9340120252618828,0.936422467085408,
nested_inner,2.0,svm,Linear SVM,2,5,0.1,0.936567989655785,0.00252420909629737,"1,3,4,5",0.9345501120652371,0.9342218599133248,0.9386592741255211,0.9388407125190572,
nested_inner,2.0,svm,Linear SVM,2,5,1.0,0.9383349448952861,0.0027778786562112417,"1,3,4,5",0.9395082660316145,0.9358032883189393,0.9363269836276412,0.9417012416029494,
nested_inner,2.0,svm,Linear SVM,2,5,10.0,0.9225280460989165,0.0013646648201950172,"1,3,4,5",0.9205555227830982,0.9227451913959578,0.923638387110829,0.923173083105781,
nested_inner,3.0,svm,Linear SVM,1,2,0.1,0.934099933770794,0.004398331886520114,"1,2,4,5",0.9311161475831424,0.9298731888048816,0.9393287352069266,0.9360816634882252,
nested_inner,3.0,svm,Linear SVM,1,2,1.0,0.9387703862840256,0.0038040650858995988,"1,2,4,5",0.9368048107682247,0.9343781809956213,0.941795831659623,0.9421027217126334,
nested_inner,3.0,svm,Linear SVM,1,2,10.0,0.9224313892934334,0.0012760676637344442,"1,2,4,5",0.9234344277107379,0.9206480047487166,0.9232654257973318,0.922377698916947,
nested_inner,3.0,svm,Linear SVM,1,5,0.1,0.9339149213117081,0.004725944590296886,"1,2,4,5",0.9310098812114294,0.9289571894031085,0.9390860051257152,0.9366066095065793,
nested_inner,3.0,svm,Linear SVM,1,5,1.0,0.9359681936950203,0.005294661080323133,"1,2,4,5",0.9322300842817908,0.9306099544620716,0.9403674739999892,0.9406652620362298,
nested_inner,3.0,svm,Linear SVM,1,5,10.0,0.9198716581499358,0.0049203793658997045,"1,2,4,5",0.9177013685084491,0.9142613642049271,0.9255192352874787,0.922004664598888,
nested_inner,3.0,svm,Linear SVM,2,2,0.1,0.9354851493385803,0.003455252853604387,"1,2,4,5",0.9332001390309105,0.931872640624515,0.9381560057855879,0.9387118119133078,
nested_inner,3.0,svm,Linear SVM,2,2,1.0,0.9417312972356349,0.0034997003053174477,"1,2,4,5",0.9406858583103672,0.9372342715523299,0.9446870114763095,0.9443180476035329,
nested_inner,3.0,svm,Linear SVM,2,2,10.0,0.9320623594077933,0.0033463612677971967,"1,2,4,5",0.931917780186668,0.9278305697616058,0.9359954152137415,0.9325056724691575,
nested_inner,3.0,svm,Linear SVM,2,5,0.1,0.9352156173421751,0.0032969083556315198,"1,2,4,5",0.9338701010284489,0.9311863091530433,0.9381466545764503,0.9376594046107571,
nested_inner,3.0,svm,Linear SVM,2,5,1.0,0.9386055813594375,0.004751430983299936,"1,2,4,5",0.9404222855763402,0.9315137365152715,0.9409114459729,0.9415748573732383,
nested_inner,3.0,svm,Linear SVM,2,5,10.0,0.9227021449518995,0.003003316630792155,"1,2,4,5",0.9236846349306607,0.9182825771784482,0.9238483576273632,0.9249930100711261,
nested_inner,4.0,svm,Linear SVM,1,2,0.1,0.9339545573490201,0.003623104084387886,"1,2,3,5",0.9351980879577275,0.9287981993212344,0.9345709815198545,0.9372509605972641,
nested_inner,4.0,svm,Linear SVM,1,2,1.0,0.9381532525742788,0.003422707457683978,"1,2,3,5",0.9392903119895848,0.9334564261359775,0.9382815117810102,0.9415847603905431,
nested_inner,4.0,svm,Linear SVM,1,2,10.0,0.9222914242059982,0.003585998566308282,"1,2,3,5",0.9251188537450952,0.9172380883878624,0.9245380146512178,0.9222707400398175,
nested_inner,4.0,svm,Linear SVM,1,5,0.1,0.9330799693680161,0.0033016478116437552,"1,2,3,5",0.934414193860442,0.9286884714501045,0.9327426257140221,0.9364745864474957,
nested_inner,4.0,svm,Linear SVM,1,5,1.0,0.9349621287618601,0.0033548464124437656,"1,2,3,5",0.9364329118391506,0.9306007887326713,0.9343576714137913,0.9384571430618276,
nested_inner,4.0,svm,Linear SVM,1,5,10.0,0.9195068075598476,0.004072743925549271,"1,2,3,5",0.9194278486559662,0.9138510822007476,0.9215602198401891,0.9231880795424875,
nested_inner,4.0,svm,Linear SVM,2,2,0.1,0.9357512959875707,0.002747153194981747,"1,2,3,5",0.9379891867357611,0.9324778664562241,0.934482884278748,0.9380552464795493,
nested_inner,4.0,svm,Linear SVM,2,2,1.0,0.942452316594658,0.002576627169999459,"1,2,3,5",0.9432064540202247,0.9391780230136855,0.9420613786995908,0.9453634106451312,
nested_inner,4.0,svm,Linear SVM,2,2,10.0,0.9340588753573104,0.0019087401545654142,"1,2,3,5",0.935282422504083,0.9312919979069046,0.9342891283399084,0.9353719526783455,
nested_inner,4.0,svm,Linear SVM,2,5,0.1,0.9349299272345108,0.00272546777332462,"1,2,3,5",0.9359990815139487,0.9317086142069102,0.9339506864855194,0.9380613267316651,
nested_inner,4.0,svm,Linear SVM,2,5,1.0,0.937399468220694,0.0027962422406879236,"1,2,3,5",0.9382192867703902,0.9346327937258341,0.9358004267808941,0.9409453656056574,
nested_inner,4.0,svm,Linear SVM,2,5,10.0,0.9238191882330933,0.0032312135866091165,"1,2,3,5",0.924563654178774,0.919184869471039,0.9248352426566312,0.9266929866259288,
nested_inner,5.0,svm,Linear SVM,1,2,0.1,0.9337978944804168,0.0032052710596818727,"1,2,3,4",0.9332508599885095,0.9304064883560026,0.9333938524539518,0.9381403771232033,
nested_inner,5.0,svm,Linear SVM,1,2,1.0,0.9365811550023161,0.002140678333091835,"1,2,3,4",0.9364212642292141,0.9345155855430056,0.9358258604527694,0.9395619097842752,
nested_inner,5.0,svm,Linear SVM,1,2,10.0,0.9205026419066363,0.00252181030365212,"1,2,3,4",0.9225651302416416,0.916842401919475,0.9215762553859281,0.9210267800795005,
nested_inner,5.0,svm,Linear SVM,1,5,0.1,0.9341316072551443,0.0035164306957035135,"1,2,3,4",0.9344317120816372,0.930420937761362,0.932885555327882,0.9387882238496958,
nested_inner,5.0,svm,Linear SVM,1,5,1.0,0.9357983035746067,0.002979356447680384,"1,2,3,4",0.9349955977684807,0.933204886716436,0.9348989890829578,0.9400937407305527,
nested_inner,5.0,svm,Linear SVM,1,5,10.0,0.9195263594646073,0.002618833723867602,"1,2,3,4",0.9212535615699317,0.9179008451523084,0.9167420035300702,0.9222090276061189,
nested_inner,5.0,svm,Linear SVM,2,2,0.1,0.9351500514676057,0.002715085855974414,"1,2,3,4",0.9337662810720064,0.9342151298398382,0.9334251290877796,0.9391936658707984,
nested_inner,5.0,svm,Linear SVM,2,2,1.0,0.9408858219291976,0.0036527354610590324,"1,2,3,4",0.9408777741865977,0.9371110336920829,0.9397257309464725,0.9458287488916374,
nested_inner,5.0,svm,Linear SVM,2,2,10.0,0.9321244829701396,0.00351992877590032,"1,2,3,4",0.9322100548832917,0.9283185823891351,0.931177774375075,0.9367915202330563,
nested_inner,5.0,svm,Linear SVM,2,5,0.1,0.9352843896457439,0.002786690520325276,"1,2,3,4",0.9352085006287234,0.9323912355849724,0.9344761809119024,0.9390616414573778,
nested_inner,5.0,svm,Linear SVM,2,5,1.0,0.9374967080821701,0.0025230248259444153,"1,2,3,4",0.937331809430035,0.9346181568446891,0.9372645201999809,0.9407723458539758,
nested_inner,5.0,svm,Linear SVM,2,5,10.0,0.9230799686701446,0.0025101684792026603,"1,2,3,4",0.9211251021601419,0.9208545142909835,0.9243361189984511,0.9260041392310021,
global_group_cv,,svm,Linear SVM,1,2,0.1,0.9377255537992237,0.0037399492806372368,"1,2,3,4,5",0.9358904048457735,0.9325200273360978,0.938388782650524,0.9424485228561152,0.9393800313076084
global_group_cv,,svm,Linear SVM,1,2,1.0,0.9408705480348404,0.002461299493689225,"1,2,3,4,5",0.9412671357200659,0.9376207494676532,0.9393365089690349,0.9421877452125917,0.9439406008048561
global_group_cv,,svm,Linear SVM,1,2,10.0,0.926117641092272,0.002756275566017881,"1,2,3,4,5",0.9291917565996246,0.9227451913959578,0.924679090523288,0.928716228668313,0.9252559382741763
global_group_cv,,svm,Linear SVM,1,5,0.1,0.9375972587604287,0.003617734284002082,"1,2,3,4,5",0.9375894350338783,0.932377325682842,0.9364258849714509,0.9420730862020849,0.9395205619118869
global_group_cv,,svm,Linear SVM,1,5,1.0,0.9390236301527489,0.0036730047734618325,"1,2,3,4,5",0.9394302795159144,0.9351622522340881,0.9354283132129075,0.941803542677986,0.9432937631228482
global_group_cv,,svm,Linear SVM,1,5,10.0,0.9252214933947188,0.0026317079790554544,"1,2,3,4,5",0.924647412453631,0.9211748353000213,0.9262730941803303,0.9283333339217936,0.9256787911178178
global_group_cv,,svm,Linear SVM,2,2,0.1,0.939487267509643,0.0022661234025526575,"1,2,3,4,5",0.9391498682049952,0.9367032049287135,0.9380332827005927,0.9415570570316358,0.9419929246822782
global_group_cv,,svm,Linear SVM,2,2,1.0,0.9456341039268686,0.0024057229084998807,"1,2,3,4,5",0.9461938250539452,0.9423192296596123,0.9445460906051957,0.9488362328397639,0.9462751414758257
global_group_cv,,svm,Linear SVM,2,2,10.0,0.93685808033045,0.0030621892714345986,"1,2,3,4,5",0.9393470257535084,0.9327555964384162,0.935866652207221,0.9404085553899064,0.935912571863198
global_group_cv,,svm,Linear SVM,2,5,0.1,0.9388359483459592,0.0034983806490362095,"1,2,3,4,5",0.9375861779119213,0.9344862221853334,0.9373668661330112,0.941554143660869,0.9431863318386617
global_group_cv,,svm,Linear SVM,2,5,1.0,0.9422000601865422,0.0031279720761737606,"1,2,3,4,5",0.9426535239347543,0.9382950756466149,0.9397257309464725,0.9451957656951955,0.9451302047096737
global_group_cv,,svm,Linear SVM,2,5,10.0,0.9280437840943409,0.0015252895574214389,"1,2,3,4,5",0.9270996674305998,0.926870713971796,0.9278218634956891,0.9306716969191077,0.9277549786545121
